link,title,datetime,abstract
/realtimenews/20230314004935-260407,二膽兵「救生衣哪來的」成謎團 陸軍專案報告這樣說,2023-03-14 19:14,金防部烈嶼守備隊二膽島陳姓上兵9日突失聯，傳穿救生衣游離被大陸海警救起，目前確認人已在對岸，明若未歸營檢方將發布通緝。但陸軍司令部專案報告指出，金防部就軍械、彈藥、救生衣、通信資訊等裝備實施清查，均無
/realtimenews/20230314004848-260407,拜登毀台論是真的？蔡正元震驚：美前國安顧問竟喊這句,2023-03-14 18:57,前立委蔡正元日前轉載美國媒體人推特，指白宮內部人士爆料，拜登曾脫口說出有「毀滅台灣計畫」，驚悚程度遠超過新保守主義分子搞出來的烏克蘭災難，引發國內一陣熱議。蔡正元今(14日)在臉書發文指出，曾在川普政
/realtimenews/20230314004764-260407,退役軍人堅持赴陸「慶黃埔」 國民黨反對：勿陷同袍於不義,2023-03-14 18:41,針對部分退伍軍人社團出現號召黃埔校友赴大陸參加黃埔軍校建校99周年活動之資訊，引發社會各界譁然。國民黨發言人林家興表示，除本黨黃復興黨部季麟連主委已發聲明表態「期期以為不可」外，在此也呼籲相關退伍人士
/realtimenews/20230314004765-260407,仍有黃埔校友欲赴陸參訪 黃復興黨部主委：期期不可,2023-03-14 18:36,退伍軍人社團號召500名黃埔校友赴陸參加黃埔軍校99周年活動，引來退輔會主委馮世寬等人出言勸阻，國民黨軍系黃復興黨部主委季麟連今（14）日亦發出聲明表示「期期不可」，並強調現應團結以「下架民進黨」為鵠
/realtimenews/20230314004762-260407,中台灣8強聯手 加深縣市跨域合作,2023-03-14 18:35,中台灣區域治理平台今年由新竹縣政府主政，近日召開第1次幕僚組會議，針對平台的運作機制、歷次會議繼續列管案件，以及6大議題組提出的新增合作提案等展開討論。今年提出20個新增合作提案，以農產行銷組最多，提
/realtimenews/20230314004663-260407,綠營未定於一尊？不只賴清德 他揭：還有「資深黨員」領表,2023-03-14 18:16,民進黨總統初選起跑，13日起至17日領表登記，副總統賴清德昨(13日)上午派人領表，預計明(15日)上午登記，並就參選理由發表簡短談話。身兼民進黨主席的賴清德13日表示，17日登記結束後，若有2人以上
/realtimenews/20230314004494-260407,侯友宜稱新北是台灣「最大市」 民進黨：侯市府締結姊妹市數 六都最低,2023-03-14 18:09,國民黨新北市長侯友宜今受訪指出，新北市是台灣「最大市」也會「做大事」，民進黨新聞部主任張志豪表示，侯市府締結「市級對市級」的姊妹市數量只有10個，還是六都最低，這個數字至今依然沒有改變，侯市長怎麼好意
/realtimenews/20230314004281-260407,新北議員李余典稱將投入民進黨立委初選 辦公室、兒子皆稱不知情,2023-03-14 18:01,民進黨20日起立委選舉提名登記，由於外傳新北市三重區立法委員余天本屆將不爭取連任，也有多位現任市議員摩拳擦掌希望角逐立委，除了彭佳芸宣布近日決定是否投入民進黨初選外，有媒體也報導民進黨蘇系的新北市議員
/realtimenews/20230314004462-260407,朱立倫請益2024 馬英九盼國民黨團結一致,2023-03-14 17:59,國民黨主席朱立倫著手啟動2024總統及立委大選提名機制，並展開拜會行程，朱立倫今透露，他到馬英九基金會拜會前總統馬英九，就2024大選相關議題向馬總統請益，馬總統特別期許全黨要團結一致，避免爭議，才有
/realtimenews/20230314004345-260407,台中巨蛋預算追加到近百億 盧秀燕：沒通過保證流標,2023-03-14 17:54,台中巨蛋因原物料上漲、缺工等因素6度上網發包流標，中市府追加預算34億餘元，總經費達近百億，14日台中市議會臨時會專案報告，民進黨市議員批評市府應講清楚預算追加部分「用在哪」？藍營市議員認為，物價飆漲
/realtimenews/20230314004348-260407,側翼拿罹癌攻擊鍾沛君 趙少康點名綠營這群人：不敢管？,2023-03-14 17:39,國民黨台北市議員鍾沛君13日發文指出，先前帳號被臉書下架的親綠牙醫史書華，竟拿她曾患癌症的病史做文章，此事引爆網友怒火，痛批史言行失當。中廣董事長趙少康也質疑，民進黨放任側翼粉專到處生事，是管不了？還
/realtimenews/20230314004313-260407,2024「他當選」大陸恐來硬的？學者驚人斷言兩岸局勢,2023-03-14 17:23,2024總統大選，藍綠白都想奪得總統寶座，以現階段來看，民進黨最有可能推舉副總統賴清德出戰，民眾黨主席柯文哲也是勢在必行，國民黨的人選卻遲遲未決定。對此，淡江大學中國大陸研究所榮譽教授趙春山今（14）
/realtimenews/20230314003856-260407,二膽兵在對岸恐成「政治博弈延長賽」 藍委喊話蔡英文出面,2023-03-14 16:49,金防部二膽島陳姓上兵9日離營，陸委會主委邱太三13日證實，該兵目前在中國廈門，對此，國民黨立委江啟臣表示，現在人在對岸，等於中共擁有了主宰一切的權力，這件事情已經不是單純意外或是阿兵哥漂到對岸，已經變
/realtimenews/20230314003456-260407,高雄人因「這事」怒嗆踹共 陳其邁親上火線重申立場,2023-03-14 16:46,全國最大儲能場將設在高雄市人口最多的鳳山區，引發居民恐慌，藍綠也齊聲要求暫緩。業者預計18、19日辦理分里說明會，卻要求查看身分證進場，並拒絕媒體採訪，鄉親痛批黑箱，更怒喊要市長陳其邁踹共。對此，陳其
/realtimenews/20230314003966-260407,提防空避難「3訴求」 藍委酸：全動法公告時間就能做了,2023-03-14 16:43,國防部去年4月公布「全民國防手冊」，挨轟類似8年抗戰時，而如今過了1年，國民黨立委江啟臣詢問，全民國防手冊研商好了嗎？國防部長邱國正坦言，「還沒」；江啟臣痛批，全民國防手冊還沒有像樣的東西，還搞個全動
/realtimenews/20230314003923-260407,雲林農水路用50年殘破不堪 張麗善籲中央超收稅收給農民活路,2023-03-14 16:40,雲林縣農地重劃超過60年歷史的農水路，迄今還有377公頃未更新，很多仍是坎坷的級配路面；重劃已50年之久的5213公頃也亟需修繕，中央僅補助每公頃25萬3000元遠不及成本，縣長張麗善呼籲中央以超收的
/realtimenews/20230314003846-260407,台灣綠能開發弊案叢生 立委：勿讓官商勾結成淨零轉型絆腳石,2023-03-14 16:38,針對台灣綠能開發政策欠缺法治、資訊不透明，導致弊案叢生，時代力量立法院黨團於14召開「支持能源轉型 拒絕黑金橫行」記者會，呼籲經濟部及能源局別一再放水，讓黑金份子從中牟利分贓，儘速檢討相關法規制度之不
/realtimenews/20230314003907-260407,故宮國寶遭駭客入侵 邱臣遠批數位部失職失能,2023-03-14 16:29,國立故宮博物館遭媒體爆料有數千件國寶數位圖檔遭駭客入侵，甚至在百度、淘寶等網站賤賣或供人免費下載，行政院長陳建仁答詢時坦承確有此事。對此，民眾黨立委邱臣遠14日受訪時痛批數位發展部失職失能，「部長唐鳳
/realtimenews/20230314003866-260407,基隆義消總隊長交接 謝國樑期勉守護市民安全,2023-03-14 16:29,基隆市政府14日舉行義消總隊總隊長布達典禮，市長謝國樑宣布長期參與義消工作的基隆市議員曾紀嚴，擔任新任總隊長一職，並頒發聘書，及感謝前任總隊長林耀宗的辛勤付出，期勉在新任曾總隊長率領之下，齊心協助警消
/realtimenews/20230314003795-260407,議事堂問「我穿得漂亮嗎」被酸爆 鄉民女神駁：斷章取義,2023-03-14 16:08,有「鄉民女神」之稱的民進黨桃園市議員黃瓊慧原以網紅「qn黃拉結」成名，上周在市議會臨時會質詢時，問道：「請問各位局處首長，我今天穿這樣可以嗎？覺得我漂亮的舉手」，影片被截圖瘋傳，網友炮轟根本是「大花瓶
/realtimenews/20230313002406-260407,新北今年首場行動治理座談會 永和里長挺侯友宜選總統,2023-03-13 13:08,新北市29區里長聯誼會將連署要求國民黨提名新北市長侯友宜參選2024總統，侯友宜今（13）日至永和區主持今年首場行動治理座談會，有里長在臨時動議時發言，若侯友宜選總統，永和至少有60位里長會幫忙。侯友
/realtimenews/20230313002295-260407,跳電黑暗期來了？核二2號機明除役 他爆蔡政府將出「這絕招」,2023-03-13 12:51,雖然民間擔心缺電，一直有聲音反對核二除役，但蔡政府推動「減核」的決心寸步不讓，更預計要在2025核電歸零，而核二廠2號機也將在明（14）日除役並不再發電。對此，PTT鄉民今（13）日在網路熱議電力問題
/realtimenews/20230313002140-260407,接見非洲台商 賴清德：台灣經濟實力的延伸,2023-03-13 12:41,賴清德副總統今天接見非洲台商表示，在非洲經商是台灣經濟實力的延伸，非洲有人口紅利、出口美國享優惠關稅等多項利基。世界銀行也預估，非洲農業到2030年將成為高達上兆美元的產業。他期望未來大家繼續給予政府
/realtimenews/20230313002249-260407,立委驚爆這家「政二代公司」走私黑槍彈藥 扯出前綠委,2023-03-13 12:37,立委邱顯智13日指出，近年來台灣槍擊事件頻繁、黑道高調辦春酒，如未根除黑道火藥庫，黑道與黑槍只會不斷侵擾人民的安居生活。他將台灣黑槍、子彈來源指向「鴻聲國際公司」，稱該公司是由民進黨前立委梁牧養兒女所
/realtimenews/20230313002236-260407,為線民案再次道歉 黃國書臉書宣布不選2024立委,2023-03-13 12:30,因「線民案」退出民進黨的無黨籍立委黃國書是否再戰2024？近日引發地方政壇議論，選在民進黨立委初選登記前1周，黃國書今天在臉書宣布，要為當年犯下的過錯再一次向社會道歉，也「將遵守承諾，不再參選立委連任
/realtimenews/20230313002186-260407,鍾東錦上任首次率團出國 赴新加坡考察教育、觀光,2023-03-13 12:21,「將苗栗帶出去，把國際帶進來！」 苗栗縣長鍾東錦上任後首次出國考察，13日至17日率領文觀局長林彥甫、教育處長葉芯慧、20位校長及13位隨團觀光產業代表，赴新加坡觀摩雙語教育辦學成果、辦理觀光旅遊推廣
/realtimenews/20230313000019-260407,蔡政府被華府這人氣歪？ 柯志恩不解吐1句,2023-03-13 12:17,對於美國華府廣播節目著名主持人Garland Nixon近日在推特寫，「台灣快成為太平洋的烏克蘭！」，結果引發行政院長陳建仁、外交部和國防部大動作駁斥是假消息。對此，政論節目主持人錢怡君12日認為，政
/realtimenews/20230313002110-260407,淡水商工女籃奪HBL冠軍 蔣萬安兌現承諾請吃飯：歡迎侯友宜,2023-03-13 12:13,HBL高中籃球聯賽12日在台北小巨蛋登場，台北市長蔣萬安、新北市長侯友宜到場分別為淡水商工、北一女中加油，並打賭輸球的城市必須請對方球隊吃飯，最終淡水商工以81比59擊敗北一女中。蔣萬安今表示，接下來
/realtimenews/20230313002044-260407,聘陸臨時工PO市長活動片？蔣萬安這解釋綠批甩鍋,2023-03-13 12:11,民進黨台北市議員簡舒培指稱，北市府雇用一名中國大陸籍臨時工在抖音上傳台北市長蔣萬安出席活動多部影片，且全部tag「兩岸一家親」，更將民眾個資製成影片。蔣萬安13日回應，該臨時工是配合勞動部計畫聘用，目
/realtimenews/20230313002040-260407,核二2號機明除役恐缺電？綠委相信「現有調度」,2023-03-13 12:00,核二廠2號機14日除役，企業界憂心未來供電不穩，國民黨團日前更憂心，核二廠除役後恐讓電價漲價。對此，民進黨立院黨團副幹事長洪申翰13日認為不用過度擔憂，相關單位將考量各方需求做出最好設計，他也強調，以
/realtimenews/20230313001954-260407,六都市長好感度奪第一 理工男張善政這樣回,2023-03-13 11:48,桃園市長張善政甫榮獲六都市長評比好感度第一，網友大讚以後都選理工男當首長，他受訪時感謝大家支持，笑說跟學什麼無關，而是要很努力，他也歸功於市府團隊，了解他的政見、非常努力付諸實踐，感謝大家認可，會繼續
/realtimenews/20230313001854-260407,軍公教可加薪了？主計長曝：應能做出調整,2023-03-13 11:43,台灣近來物價上漲面臨通膨問題，實質經常性薪資也出現倒退情況，立委吳秉叡今（13）日在財政委員會質詢時，問到軍公教能否調薪？行政院主計長朱澤民認為，物價上漲等於是實質所得降低，應能做出調整，且到113年
/realtimenews/20230313001811-260407,上兵在大陸 邱太三曝海基會已聯繫對岸但「已讀不回」,2023-03-13 11:39,金門上兵失蹤事件，陸委會主委邱太三13日證實，該陳姓上兵目前人在大陸。邱太三表示，《兩岸共打協議》已取代《金門協議》，無法透過紅十字會管道進行營救；海基會昨日已發文聯繫對岸，但對岸「已讀不回」，希望陸
/realtimenews/20230313001869-260407,民進黨誠信條款劍指侯友宜？綠黨團喊話：藍可提出「王鴻薇條款」,2023-03-13 11:39,副總統、民進黨主席賴清德日前在中執會上頒布「誠信條款」，要求除了艱困選區或無現任立委選區之外，其餘選區不建議現任議員參與2024年立委選舉，被解讀是劍指國民黨籍新北市長侯友宜，對此，民進黨立法院黨團稱
/realtimenews/20230313001740-260407,上兵人真的在大陸！ 批踢踢鄉民崩潰狂喊：恐洩漏「這機密」,2023-03-13 11:34,金門縣二膽島守備隊陳姓上兵失蹤事件，持續受到各界關注，陸委會主委邱太三今（13）日證實，陳姓上兵人確實是在大陸。相關新聞經轉傳至社群平台PTT後，引發鄉民熱議，相關討論程度更已呈現「爆」等級，尤其對於
/realtimenews/20230313001758-260407,民進黨大局條款 陳其邁：相信同志會基於大局去考量,2023-03-13 11:32,高雄市長陳其邁13日出席模範公車駕駛長表揚典禮，對於民進黨中執會日前推出對於立委選舉的大局條款，陳其邁說，相信每一位從政的同志都會基於大局去考量，相信每人都有智慧；選民也有智慧去看每一位政治家、政治工
/realtimenews/20230313001775-260407,加薪4千！蔣萬安宣布：北市公辦托育人員起薪3萬8千元,2023-03-13 11:24,台北市長蔣萬安13日宣布，改善北市公辦民營托營機構勞動條件，托育人員薪資標準自3萬4000元提升至3萬8000元，加薪4000元，且師生比自法定1比5降至1比4。同時提高服務量能，81家公辦民營托嬰中
/realtimenews/20230313001662-260407,退役軍官揪團赴陸參加黃埔校慶 綠委籲將領：別當統戰棋子,2023-03-13 11:11,有多個退伍軍方社團正號召500名黃埔軍校校友至大陸參加黃埔建校99周年活動，陸軍官校校友總會提出嚴正警告，呼籲校友慎思、謹慎，不要陷入統戰陰謀。對此，民進黨立委劉世芳13日呼籲，中華民國的退役將領千萬
/realtimenews/20230313001563-260407,國軍軍紀問題頻傳、提前退伍數增 民眾黨：邱國正應上緊發條,2023-03-13 10:54,國軍近年有超過8000名基層軍人申請退伍，國安局特勤中心亦有多名資深上校軍官申請提前退伍，民眾黨立院黨團表示，國軍從上至下都在早退，且近期軍紀問題頻傳，突顯內控機制失靈，呼籲國防部長邱國正應上緊發條，
/realtimenews/20230313001525-260407,涉貪案今開庭！林姿妙抵宜蘭地院喊：無所畏懼坦蕩蕩,2023-03-13 10:45,宜蘭縣長林姿妙等官員涉貪案，今（13日）宜蘭地方法院召開第2次準備程序庭，縣長林姿妙的女兒上午9時52分抵達，一語不發的走往法庭，林姿妙則於10時3分到法院，她說，「我無所畏懼、坦蕩蕩，為什麼要這樣汙
/realtimenews/20230313003175-260407,屏東縣長選舉無效訴訟 合議庭裁示：3／25驗12個票箱,2023-03-13 15:26,國民黨屏東縣長落選人蘇清泉提出選舉無效及當選無效訴訟，今天準備程序庭終結，屏東地方法院合議庭裁示25日勘驗12個投開票所票箱。
/realtimenews/20230313003095-260407,拚8個月當4年用！蔡培慧宣示就職 72歲媽媽、英系立委現身力挺,2023-03-13 15:18,南投立委補選當選人蔡培慧，13日上午由中選會副主委陳朝建送交當選證書，下午在黨團總召柯建銘、幹事長鄭運鵬，以及多名英系立委迎接下宣誓就職，正式就任第10屆立委，高齡72歲的蔡媽媽更驚喜現身，母女倆手握
/realtimenews/20230313002967-260407,國民黨「黑馬」人氣飆升超越侯友宜 最新網路民調跌破眼鏡,2023-03-13 15:07,中廣蓋洛普10日公布2024總統選戰最新民調，國民黨有逐漸下滑的趨勢，而「侯友宜是否該盡快表態」一題上，也有超過5成的民眾抱持贊同的意見。另在2024各黨總統候選人方面，民進黨主席賴清德似乎已定於一尊
/realtimenews/20230313002973-260407,沈富雄：侯友宜是籠中虎 一出閘就不得了,2023-03-13 15:06,民進黨總統黨內初選今天登記起跑，國民黨仍態勢未明。雖然新北市長侯友宜近期民調下滑，但前立委沈富雄今天強調，侯是被關在籠裡的老虎，一旦閘門打開就不得了。要國民黨主席朱立倫不要怕東怕西傷了士氣，必須「莊敬
/realtimenews/20230313002685-260407,國民黨提2024藍白合 鍾沛君：柯文哲要先想好定位,2023-03-13 15:01,國民黨備戰2024大選，黨主席朱立倫喊出團結非綠力量，國民黨副主席連勝文則提「藍白合」。國民黨台北市議員鍾沛君13日表示，政治上既然要「合」就要交換，民眾黨主席柯文哲要先有下階段定位，否則難以和「友軍
/realtimenews/20230313002657-260407,宋楚瑜再戰2024？沈富雄：不夠豁達也過不了門檻,2023-03-13 14:58,親民黨主席宋楚瑜被問到否再戰2024總統大選時表示「年齡不是問題」，被解讀並未放棄參選。對此，前立委沈富雄今天表示，宋還對一些事情執著放不下「不夠豁達」，無論是宋楚瑜還是日前表態要選總統的前監察院長王
/realtimenews/20230313002651-260407,金門失聯上兵在廈門 藍委轟國防部螺絲鬆曝警訊,2023-03-13 14:53,二膽島陳姓上兵從9日離營失聯迄今，陸委會主委邱太三今證實透過管道得知該士兵人在大陸。國民黨立委賴士葆直言，蔡政府抗中保台政策讓兩岸關係緊張，戰爭彷彿一觸即發，國防部馬不停蹄頒布新政策，每一項都是驚天動
/realtimenews/20230313002631-260407,低薪問題嚴重蔡政府不作為 國民黨團提修法三箭,2023-03-13 14:46,面對連續兩年實質薪資呈現負成長，再加上不斷上升通膨、飆漲的物價，讓年輕人和受薪階級壓得喘不過氣。國民黨立院黨團今指出，眼看蔡政府、陳內閣消極不願解決勞工低薪問題，無視國民黨多次呼籲盡速提出具體可行性方
/realtimenews/20230313002813-260407,國軍醜聞連環爆蔡英文又神隱 她不忍了嗆問一句,2023-03-13 14:43,國軍近期接連爆出缺肉、上兵失蹤後被證實人在大陸等重大新聞。對此，國民黨台北市議員李彥秀指出，面對這些事件，多次宣稱要捍衛國軍尊嚴、當國軍堅實後盾的總統蔡英文，並沒有動作，她更怒問蔡，「妳還要神隱多久？
/realtimenews/20230313002620-260407,500退役軍官赴陸參加黃埔校慶？馮世寬嗆勿貪蠅頭小利：共機不會少來,2023-03-13 14:41,外傳我國有500位退役軍官在退伍軍方社團受邀，組團赴陸參加黃埔99週年紀念大會，引發爭議。退輔會主委馮世寬今強調，黃埔軍校所有東西都在台灣，這裡才是正統，希望退伍協會此時能共體時艱；退輔會更重話表示，
/realtimenews/20230313002859-260407,台中購物節追加3.5億 引爆藍綠議員論戰,2023-03-13 14:35,台中市議會今天進行第4屆第1次臨時會，針對市府追加「消費金喜送」經費3.5億，引爆藍綠爭論，民進黨議員指去年已決議購物節預算不能以追加方式辦理，市府的做法藐視議會，黨團成員舉牌站在台前、要求退回；藍營
/realtimenews/20230313002527-260407,失聯上兵人在大陸 馮世寬：游泳過去的可能性不大,2023-03-13 14:32,陸軍金防部二膽守備隊26歲陳姓上兵日前失聯，陸委會主委邱太三今證實該陳姓上兵目前人在大陸，先前傳陳姓上兵疑穿著救生衣游向大陸，但退輔會主委馮世寬今表示，陳姓上兵游泳過去的可能性不大，至於15日即將發布
/realtimenews/20230313002515-260407,林姿妙遭「不正當訊問」？他爆：廉政官問訊拍桌、摔卷宗,2023-03-13 14:30,宜蘭縣長林姿妙等官員涉貪案，今天（13日）再開準備程序庭，林姿妙等13名被告到庭，但被告官員吳東原等人的律師，紛紛聲請勘驗廉政官問訊時的影音光碟，更指控在極度疲勞的情況下，廉政官偵訊時拍桌、摔卷宗、大
/realtimenews/20230313002785-260407,我駐巴西外館組長16樓墜落亡 外交部證實了,2023-03-13 14:25,今（13）日有消息傳出，我國駐巴西聖保羅辦事處王姓組長於16樓墜落身亡，外交部發言人劉永健稍早已證實此事，他說明事件發生在3月10日上午，王組長於駐地住所輕生，駐處第一時間即前往處理，外交部也馬上通知
/realtimenews/20230313002264-260405,管中閔出書憶台大校長遴選「不能船過水無痕」,2023-03-13 14:23,作家楊渡與前國立台灣大學校長管中閔合出新書，紀錄民國107年台大校長遴選事件。管中閔今天表示，大學自治是台灣價值最重要一部分，事件需留下文字紀錄，不希望船過水無痕。 時報文化出版企業股份有限公司
/realtimenews/20230313002732-260407,金門失聯上兵廈門獲救 綠委籲做好最壞打算、思考緊急移防必要,2023-03-13 14:14,陸軍金門二膽防區26歲陳姓上兵9日失蹤，國民黨立委陳玉珍證實他游往大陸被對岸海警救起，由於陳男為伙房兵，能掌握全島人數、主副食存量，外界憂心二膽島防務恐曝光。對此，民進黨立委蔡適應13日呼籲國防部應立
/realtimenews/20230313002635-260407,張善政奪「六都市長好感度」冠軍 藍營空戰大師爆驚人內幕,2023-03-13 14:10,桃園市長張善政聲量爆衝，且甫上任就積極推動各項政策，引發各界關注。粉專《政客爽》經由《KEYPO大數據系統》數據分析，張善政在六都市長的網路好感度拿下冠軍。對此，國民黨台北市議員徐巧芯指出，張善政現在
/realtimenews/20230313002524-260407,被迫5、6月表態是否參選總統？ 侯友宜回應了,2023-03-13 14:09,外傳新北市長侯友宜本要7、8月才會表態是否參選2024總統大選，但南投立委補選後，國民黨內希望侯5、6月就表態。對此侯友宜今（13）日仍未鬆口，他說，他現在的角色是新北市長，新北市還有很多大小建設要靠
/realtimenews/20230313002491-260407,桃園忠烈祠擬送回這尊日本神 她嗆冒犯反遭轟：裡面很多抗日烈士,2023-03-13 13:59,桃園市政府日前宣布，在桃園忠烈祠供奉的日本天照大神，將會送回日本，此舉引發民進黨桃園市議員黃瓊慧批評「冒犯國際禮儀」。對此，粉專「政客爽」怒轟黃瓊慧，指她拿了國家薪水，就應要站在中華民國的立場，「想當
/realtimenews/20230313002323-260407,新竹球場翻版？台南這館延宕又經費暴增 藍要賴清德道歉,2023-03-13 13:22,預定落腳台南市東區的國立科學未來館，從前市長賴清德時代規畫的小巨蛋，至今不僅興建經費從28億多元，一路膨脹到79億多元，還因經費由公費支出或採用促參方式由民間興建仍搞不定，導致興建案遙遙無期。立委陳以
/realtimenews/20230313003937-260407,蘇清泉提重新驗票法院判准 法官詳述理由及限制,2023-03-13 18:14,不滿去年屏東縣長選舉，國民黨候選人蘇清泉向法院聲請重新驗票，經合議庭討論後公布評議結果，僅准予驗票12個投開票所，其他查無違誤投開票所則不勘驗，時間將訂在3月25日上午9時起。屏東縣選委會估計，最快半
/realtimenews/20230313004197-260407,綠側翼牙醫粉專遭下架 竟惱羞扯她癌症病史？網炸鍋怒批,2023-03-13 18:10,缺蛋亂象網路熱議，但綠營側翼網軍試圖帶風向粉飾太平，粉專「盾牌牙醫史書華」日前甚至說「缺蛋？還是缺腦？」結果疑似遭檢舉到被臉書下架，甚至開分身帳號也被紅標，讓國民黨台北市議員鍾沛君忍不住喊「天道好輪迴
/realtimenews/20230313004170-260407,屏東縣長選舉延長賽 法官允部分驗票 周春米回應了,2023-03-13 17:59,去年底以1萬餘票惜敗的國民黨屏東縣長候選人蘇清泉向屏東地院提起選舉無效之訴，經屏東地院合議庭評議後，裁定將勘驗12個投開票所票匭，對此，屏東縣長周春米表示，尊重法院裁決，但呼籲要回歸理性。周春米表示，
/realtimenews/20230313003996-260407,名醫批時弊竟遭匿名投訴「胡亂發言」？院方霸氣4字回應,2023-03-13 17:35,缺藥問題近期浮上檯面，衛福部日前坦承國內15類藥物嚴重缺貨。胸腔內科醫師蘇一峰就曾指出，急救插管藥物Cisatracurium是「大白肺」患者的重要救命藥物，不能忽視缺貨問題。沒想到卻有網友質疑他「唯
/realtimenews/20230313003784-260407,基隆重大政策議題民調 逾5成民眾認基捷負擔不合理,2023-03-13 17:08,基隆市政府13日下午公布針對市府的重大政策及重大議題的相關民意調查，其中關於基捷地方負擔款暴增至53億元部分，有51.5％的民眾認為不合理，另外也有超過6成的民眾，支持基隆市府協助民間團體提出四接地方
/realtimenews/20230313003691-260407,救國團青年拜會 張善政曝當年和「他」一起獲《青年獎章》,2023-03-13 16:46,歡慶青年節，救國團12名「桃園市社會優秀青年」得獎者13日和桃園市長張善政座談，張笑著分享自己1984年和新北市長侯友宜一起榮獲救國團《青年獎章》，感謝救國團長年鼓舞青年，也期盼桃園可以成為青年就業創
/realtimenews/20230313003725-260407,媒體人看完三腳督最新民調 大膽斷言2024結局：他恐會贏,2023-03-13 16:44,中廣與蓋洛普民調10日公布最新「2024年總統選舉及相關政治議題民意調查」，結果顯示若是「賴鄭配」獲得支持度最高，達到36.45%，次高為「郭柯配」，支持度23.59，「侯朱配」則落居第3位，支持度只
/realtimenews/20230313003612-260407,北韓本月兩度試射飛彈 外交部譴責,2023-03-13 16:42,北韓於本月9日下午從西部的南浦地區，向黃海方向發射數枚短程彈道飛彈，並於12日凌晨又從東部咸鏡南道的新浦近海，使用潛艦向日本海方向發射2枚巡弋飛彈，再度升高區域緊張情勢。外交部今天對北韓在短時間內兩度
/realtimenews/20230313003641-260407,遭立委點名公司是黑槍來源？「鴻聲國際」怒駁：保留法律追訴權,2023-03-13 16:33,立委邱顯智13日召開記者會指出，近年台灣槍擊事件頻繁、黑道高調辦春酒，他將台灣黑槍、子彈來源指向「鴻聲國際公司」，稱該公司是由民進黨前立委梁牧養兒女所經營；鴻聲國際稍早也發生聲明嚴正駁斥，公司依法進口
/realtimenews/20230313003604-260407,黃國書不選台中綠委恐丟一席？ 柯建銘說話了,2023-03-13 16:27,因線民案退出民進黨的台中第6選區立委黃國書，今日正式宣布他將遵守承諾，不再參選立委連任，請黨中央照既定的初選提名機制走。對此，民進黨提名策略小組成員、民進黨立法院黨團總召柯建銘受訪說，黨有黨的機制，將
/realtimenews/20230313003488-260407,「她們」也不能例外！綠南市黨部：立委初選不得與賴同框,2023-03-13 16:25,民進黨即將於20日至24日受理區域立委提名登記，但因許多選將都與黨主席賴清德合掛看板，黨中央認為有誤導民眾之嫌，已明令禁止。台南市黨部13日表示，有意參加立委提名的黨內同志，即日起至初選時程結束前，不
/realtimenews/20230313003451-260407,賴清德不穩了？游盈隆為何喊「背脊發涼」 郭正亮揭祕,2023-03-13 16:22,可能代表民進黨參選2024的副總統兼民進黨主席賴清德，傳出將把總統蔡英文的「四個堅持」納入民進黨黨綱，引發台灣民意基金會董事長游盈隆強烈的不滿，怒批此舉只有極權國家才會這麼做、必定地動山搖。對此，前立
/realtimenews/20230313003582-260407,管中閔飽受民進黨大力摧殘！葉匡時聽完「這件事」嚇壞了,2023-03-13 16:17,作家楊渡和台大前校長管中閔記錄2018年台大校長遴選事件過程，《大學的脊梁： 台大校長遴選事件與管中閔心情記事》10日出版，楊渡訪談事件中重要相關人士，記錄當年鮮為人知的關鍵內幕；事件主角管中閔則寫下
/realtimenews/20230313003003-260407,黃國書不選2024要換誰？ 最可能「這2人」回應了,2023-03-13 16:14,因「線民案」退出民進黨的無黨籍立委黃國書宣布將不再戰2024，民進黨將由誰披戰袍？被視為最有可能出線的現任議員江肇國、黃守達，今天面對媒體詢問都表示會再考慮。民進黨台中市黨部主委李天生則說，民進黨要一
/realtimenews/20230313003390-260407,二膽上兵回不來？邱太三稱對岸已讀不回 郭正亮曝下場,2023-03-13 16:07,金門上兵失聯事件，陸委會主委邱太三今（13）日證實，目前陳姓上兵確實人在大陸，但現《兩岸共打協議》已取代《金門協議》，所以無法透過紅十字會管道進行營救；海基會昨（12）日發訊對岸也遭已讀不回。對此，前
/realtimenews/20230313003213-260407,核二明將除役 趙少康轟爆：蔡英文是國家罪人,2023-03-13 16:06,核二廠即將於明（14）日除役。對此，中廣董事長趙少康質疑，經濟部規劃以水力發電補核二廠除役後的電力缺口，但是今年少雨，供水已拉警報，哪來的水可以調度發電？他也痛批，蔡英文讓台灣的電又貴又缺，將成國家發
/realtimenews/20230313003377-260407,聲請重驗39 個開票所僅准12 個 蘇清泉律師：遺憾,2023-03-13 15:55,去年底以1萬餘票惜敗的國民黨屏東縣長候選人蘇清泉向屏東地院提起選舉無效之訴，蘇委任律師針對有疑慮投開票所共39處聲請重新驗票，經屏東地院合議庭法官評議，13日下午作出裁定，僅允許重驗其中12個投開票所
/realtimenews/20230313003177-260407,賴清德選總統起步！今派人領表：15日登記黨內初選並發表談話,2023-03-13 15:48,民進黨總統黨內初選今天起至17日進行領表登記，副總統賴清德上午派人領表，之前傳出賴清德將在14日登記，不過賴陣營今天表示，賴清德本人預計15日赴中央黨部登記，屆時會針對他為何參選發表簡短談話。賴陣營表
/realtimenews/20230313003291-260407,新北首場行動治理座談會 圍繞停車場、汙水下水道等議題,2023-03-13 15:43,新北市長侯友宜今（13）日上午至永和區主持今年首場行動治理座談會，會中里長踴躍發言，議題多圍繞在停車場不足及汙水下水道等里民關心的問題，侯友宜感謝里長在第一線即時反映地方大小事，提案都是民眾迫切急需解
/realtimenews/20230313003071-260407,科索沃國會團訪台 前總理霍蒂：支持台灣、增加合作,2023-03-13 15:40,蔡英文總統今天接見科索沃跨黨派國會訪團指出，這是台灣和巴爾幹地區深化交流的起點。科索沃前總理霍蒂也強調，此行就是要表達和台灣站在一起，支持台灣，並要增加在各領域的合作。希望台灣能將科索沃視為在該地區的
/realtimenews/20230313004933-260407,頭條揭密》矽谷銀行爆雷傷害不大污辱性強 中國這回「贏了」,2023-03-13 23:09,美國矽谷銀行倒閉被接管掀起創投圈與全球金融市的波動，但情況並不嚴重。感覺上最嚴重、影響最大的是中國的媒體，這是近幾年美中關係惡化以來稍稍可以讓中國紓解一下被美國打壓產生怨氣的時刻。矽谷銀行倒閉的原因其
/realtimenews/20230313004049-260407,蔡政府勸麥卡錫今年別訪台 以免衝擊2024大選,2023-03-13 23:07,當蔡政府高層透過外媒放話，由於顧慮北京的反應，美國眾議院議長麥卡錫今年將選擇在加州會見蔡總統，而不訪台；但消息傳出後，一向以反共著稱的麥卡錫又放話，他的行程不受北京影響；現在，最新版本又變成，蔡政府向
/realtimenews/20230313004996-260407,病患用不慣學名藥 薛瑞元喊「此風不可長」？網轟：失格,2023-03-13 23:02,第一線降血脂藥「立普妥」短缺，預計5月底恢復正常供應，國內雖有多項可替代使用的學名藥，但有醫師指出，臨床上病患仍習慣使用原廠藥。衛福部長薛瑞元13日表示，學名藥成效及安全性和原廠藥一樣，更直言「醫界出
/realtimenews/20230313004973-260410,長榮航空每股配發0.8元,2023-03-13 22:53,"長榮航空今天公布去（111）年財務報表，合併營收為1,380億元新台幣，每股盈餘1.34元新台幣，董事會決議每股配發0.8元新台幣。另外，長榮航空也公布，將購買5架787-9客機，每架不超過3.55億"
/realtimenews/20230313004952-260407,王美花稱矽銀倒閉對台灣影響不大？民眾火大：想砸電視,2023-03-13 22:45,矽谷銀行（SVB）無預警倒閉引發軒然大波，使美國金融股跳水暴跌，進而波及亞股。經濟部長王美花13日表示，美國政府已經說要確保銀行內存款提存，後續應該會有比較好結果，她認為對台灣影響不大。《盧秀芳辣晚報
/realtimenews/20230313004878-260407,2024藍營誰出線？最新網路民調跌破眼鏡 逾6成民眾挺他,2023-03-13 22:11,2022九合一選舉牽動2024總統大選，藍綠白都想奪得總統寶座，引發各界關注。以現階段來看，民進黨最有可能推舉副總統賴清德出戰，民眾黨主席柯文哲也是勢在必行，國民黨的人選卻遲遲未決定，而前立委沈富雄日
/realtimenews/20230313004841-260407,女神主播妻傳懷孕喜訊 名嘴被「多年兄弟」虧1句網笑翻,2023-03-13 22:02,美女主播吳宇舒外貌亮眼，憑親新氣質贏得不少網粉支持，被譽為女神。吳宇舒2013年與媒體人朱凱翔結婚後，肚皮12年都沒消息，12日她突然在臉書宣布已懷孕5個月。朱凱翔也發文喊「是啦，謝謝大家」，社群湧入
/realtimenews/20230313004824-260407,比侯友宜還強？藍營這人無懈可擊 沈富雄驚爆：可選2024,2023-03-13 21:51,在2024各黨總統候選人方面，民進黨主席賴清德似乎已定於一尊，白營也是由主席柯文哲披戰袍出征，但藍營遲遲未定論，讓支持者非常焦急，對此，就有Youtube頻道做出一份網路民調，從結果中可以看到，支持新
/realtimenews/20230313004770-260407,國民黨注意了！若2024藍綠對決 「這招」恐成輸贏關鍵,2023-03-13 21:33,日前南投縣第二選區立委補，由民進黨蔡培慧打敗藍老將林明溱。此役被視為九合一延長賽、2024總統大選前哨戰，結果則是副總統的賴清德黨主席首戰告捷。而《TPOC台灣議題研究中心》今（13）日就分析出，在南
/realtimenews/20230313004778-260407,陸以黃埔校慶統戰？吳斯懷斥：我們有什麼好怕,2023-03-13 21:29,外傳我國有500位退役軍官在退伍軍方社團受邀，組團赴陸參加黃埔99週年紀念大會，引發爭議。退輔會對此重話回應，少數黃埔先進切勿因貪圖落地招待等蠅頭小利，落入中共統戰圈套。國民黨立委吳斯懷認為，這些退役
/realtimenews/20230313004724-260407,新竹再爆大秘寶？ 他揭千億建設驚人現況示警：要缺水了,2023-03-13 21:07,蛋荒擴大，連鴨蛋也要中秋節才減緩，國民黨立委王鴻薇12日指出，豬價11日再飆新高，芒果也遇嚴重缺水，砲轟農委會主委陳吉仲別再戀棧。粉專「綠能你不能」今(13日)也發文指出，蔡政府從106到111年花了
/realtimenews/20230313004679-260407,總統大選藍綠白之爭有戲了？「這兩人」將翻轉2024,2023-03-13 20:50,2022九合一選舉牽動2024總統大選，藍綠白都想奪得總統寶座，民進黨目前是由賴清德定於一尊，民眾黨柯文哲也將參選，至於國民黨人選則是未定，但新北市長侯友宜的呼聲最高。而現年85歲的前監察院長王建煊更
/realtimenews/20230313004636-260407,營救二膽上兵 邱太三稱對岸已讀不回？他揭綠營打這算盤,2023-03-13 20:27,金門二膽失聯兵漂到對岸被救起，引爆炸鍋熱議。媒體人張禹宣今(13日)指出，上兵陳在對岸遭尋獲並已證實，國防部卻依然在裝聾作啞，持續維持搜索狀態，甚至傳出消息即將發布通緝，為的不過是一個避免通匪嫌疑的原
/realtimenews/20230313004615-260407,管中閔新書痛斥「卡管」 監院火速澄清：嚴重背離事實,2023-03-13 20:22,針對台大前校長管中閔13日於新書發表會中，指控監察院「卡管」及干預大學自治，當時負責調查「台大校長遴選案」及「其擔任國發會主委期間違法兼職案」的3名監委高涌誠、王幼玲、蔡崇義稍早澄清，指管中閔的言論嚴
/realtimenews/20230313004604-260407,桃園神社送神返日引抗議 市府：忠烈祠謹守宗教中立,2023-03-13 20:16,桃園忠烈祠暨神社文化園區從日本迎來天照大神等供奉，引發專家學者批評棄祖背宗，桃園市政府請廠商送回日本神祇，地方團體不滿桃市府「送神返日」，13日到桃園神社前抗議違反宗教自由，民進黨團也批張善政無視桃園
/realtimenews/20230313004520-260407,綠委竟用「買房」比喻台獨？徐巧芯酸爆：租屋八千划算,2023-03-13 19:49,民進黨主席賴清德為求2024勝選頻頻出招，日前竟傳出賴擬將總統蔡英文喊出的「四個堅持」納入黨綱，前立委郭正亮曾評「這樣台獨就沒了！」網路熱議台獨是否式微話題，有網友嗆綠委王定宇「為什麼還不宣布台灣獨立
/realtimenews/20230313004443-260407,百年頭一次 美加州托倫斯市台裔市長率團與台南締盟,2023-03-13 19:23,美國加州托倫斯（Torrance）市首位台裔市長陳光豪（George K. Chen），今天率團訪問台南，並與市長黃偉哲簽署國際友誼城市協定。黃偉哲期待，未來兩市在科技、經濟、文化及教育等面向，能有多
/realtimenews/20230313004359-260407,屏東縣長延長賽將驗12投開票所 周春米及蘇清泉各拿這些票,2023-03-13 18:48,去年屏東縣長選舉，國民黨蘇清泉以1萬1077票惜敗，他隨即提出選舉無效之訴，屏東地院評議准予12個投開票所重新驗票；事後統計這幾處投開票所得票情況，周春米共拿4272票，蘇清泉則有3273票，周贏99
/realtimenews/20230313004238-260407,綠委喊營救二膽兵 郭正亮：他去反攻大陸吧！,2023-03-13 18:19,對於二膽兵失聯後被證實人在大陸廈門，民進黨立委王定宇主張必須設法營救回台，前立委郭正亮笑稱，「那他去反攻大陸吧！」犯罪共打不是在處理這種案件！二膽兵失聯事件，民進黨立委王定宇日前主張，對於這名士兵，必
/realtimenews/20230313003874-260407,賴清德15日登記總統初選 籲串聯中央地方黨部戰力,2023-03-13 18:18,民進黨主席賴清德今天下午親自主持黨務主管會報，新聞部主任兼發言人張志豪轉述，賴清德在聽取各部門業務報告後，向黨務主管說明他將於15日周三早上9點半登記，爭取民進黨的提名，參選2024的總統。他會根據黨
/newspapers/20230314000371-260118,朱澤民：軍公教2年沒調薪不公平,2023-03-14 04:10,外食費、雞蛋價格飆漲，全民皆感受到通膨壓力，受僱員工實質薪資連續2年負成長；行政院主計總處主計長朱澤民昨在立法院財委會上表示，當物價上漲、實質所得降低時，薪資就應做出調整，而軍公教薪資2年沒有調整，
/newspapers/20230314000367-260118,出書談卡管 管中閔：搞我的人 我不會忘掉,2023-03-14 04:10,2018年台大校長遴選事件的當事人、台大前校長管中閔昨日舉辦新書《大學的脊梁：台大校長遴選事件與管中閔心情記事》發表會，細數當時政府各部門的惡毒攻擊，他個人的身心受創，也感謝各界湧來的支持，走在路上
/newspapers/20230314000377-260118,賴清德明登記初選 若有競爭者將請假,2023-03-14 04:10,民進黨總統初選起跑，昨天起至17日領表登記，副總統賴清德昨天上午派人領表，預計15日周三上午登記，並就參選理由發表簡短談話。身兼民進黨主席的賴清德昨表示，17日登記結束後，若有2個人以上必須進行初選
/newspapers/20230314000373-260118,新北行動治理座談 里長拱侯選總統,2023-03-14 04:10,新北市29區里長聯誼會將連署要求國民黨提名新北市長侯友宜參選2024總統選舉，侯友宜13日至永和區主持今年首場行動治理座談會，有里長在臨時動議時提出，侯友宜選總統，永和至少有60名里長會幫忙。侯友宜
/newspapers/20230314000369-260118,楊渡：政治力介入 小英完全了解狀況,2023-03-14 04:10,記錄2018年台大校長遴選事件的《大學的脊梁》另一作者，作家楊渡表示，人們很容易遺忘歷史，但對當事人來說，事發時的每一天都是折磨，回看2018年簡直是風雲詭譎、凶險無比。　楊渡昨日透露，台大前校長陳
/newspapers/20230314000375-260118,誹謗罪是否違憲 憲法法庭今辯論,2023-03-14 04:10,台商朱長生、網路電台負責人許榮棋等人均因誹謗罪遭判刑定讞，主張誹謗罪侵害言論自由，聲請釋憲，但主管機關法務部認為，誹謗免除刑罰將造成有錢人任意罵人、賠錢後就沒責任，憲法法庭14日將開庭辯論。這是23
/newspapers/20230314000495-260118,俄烏停戰談判需解決的十大問題,2023-03-14 04:10,聯合國祕書長古特雷斯最近提出的報告中指出，受戰亂影響，烏克蘭有1760萬人，即40%的人口，亟需人道救援。他呼籲俄烏雙方恢復外交談判。如果雙方能有機會坐上談判桌的話，到底有哪些問題需要協商談判呢？審
/newspapers/20230314000501-260118,政治邪教汙染的無用青年,2023-03-14 04:10,Netflix正在播出，韓國攝理教教主鄭明析如何假借神的意旨性侵，受過高等教育的女學生，謊稱「得救了」，這種荒唐的洗腦神劇，顯示高等教育無法完全讓人免於邪教思想的汙染。　政治邪教也是一樣。航空作家王
/newspapers/20230314000497-260118,中國路線的實現,2023-03-14 04:10,石破天驚。3月10日中國、沙烏地阿拉伯、伊朗發表三國共同聲明：「北京對談」促成了沙伊兩國恢復邦交。　兩國讚賞並感謝中國領導人與政府，承辦並且推動「北京對談」，取得成功。三國聲明「願進一切努力，加強國
/newspapers/20230314000493-260118,大陸為何重組科技部,2023-03-14 04:10,大陸改革開放以來的第九輪大規模國務院機構改革方案，最受矚目的當屬重新組建科學技術部。顯然，把科技擺在最核心的位置，體現出大陸對科技創新的高度重視。當前，大陸也確實需要加速整合科技資源，更好地提升科技
/newspapers/20230314000503-260118,看柯文哲訪美,2023-03-14 04:10,民眾黨主席柯文哲預計4月8日起「訪美」三周，據媒體報導，極可能因為與蔡英文的訪美時間重疊，難免有焦點轉移的「失焦」之慮，因而削弱了其效應；同時，也由於柯文哲前此對美國將台灣視為「馬前卒」的棋子，發過
/newspapers/20230314000499-260118,打鐵趁熱 恢復兩岸正常交流,2023-03-14 04:10,蔡英文政府日前宣布，即日起恢復大陸10個定期航班航點及13個包機航點的「10+13」方案，方便台灣同胞往返兩岸。很顯然，此次政策決定是回應大陸稍早提出恢復16個直航航點的呼籲，雖然來得稍晚，但符合在
/realtimenews/20230314000075-260407,英國外交新方針首次提台灣 強調台海局勢穩定,2023-03-14 03:26,英國政府今天公布新版「外交國防安全政策綜合檢討報告」，是2021年首次發布同類文件後，首次提到台灣，並強調台海情勢穩定以及透過對話和平解決台灣議題的重要性。 英國政府2021年首次發布可謂施政方
/realtimenews/20230314000056-260407,二膽兵為何漂大陸？真的想回來嗎？ 金門在地人驚揭謎團,2023-03-14 00:18,金門二膽島陳姓伙房上兵失蹤後，日前經國民黨金門立委陳玉珍證實該名士兵人在廈門，目前平安。陸委會主委邱太三13日也證實，陳姓上兵目前人在大陸。陳玉珍在政論節目問，他真的想要回來嗎？他如果想去、如果，「因
/realtimenews/20230314000013-260407,2024李四川將成新北市長接班人？沈富雄爆出驚人預言,2023-03-14 00:03,2022九合一選舉牽動2024總統大選，藍綠白都想奪得總統寶座，引發各界關注。以現階段來看，民進黨最有可能推舉副總統賴清德出戰，民眾黨主席柯文哲也是勢在必行，國民黨的人選卻遲遲未決定，而前立委沈富雄日
/realtimenews/20230313005064-260407,上兵漂陸恐洩什麼機密？ 伙房退伍兵現身爆內幕,2023-03-14 00:02,金門二膽島陳姓伙房上兵漂到大陸，外界擔心他恐洩漏二膽島防務相關機密，本身是伙房兵退伍的國民黨台中市議員羅廷瑋13日自爆，他當兵時忙著煮飯，都不知道其它事情，怎知道武器部署在哪裡？伙房兵是沒有這個能耐會
/realtimenews/20230314000014-260407,鄭文燦把忠烈祠日本神社化？他轟：「這部族」作何感想,2023-03-14 00:01,桃園忠烈祠供奉天照大神引發爭議，源自去年12月前市長鄭文燦卸任前所修正的《忠烈祠管理要點》，後營運廠商將天照大神迎來供奉。對此，桃市府近日宣布，相關神祇將送回日本，讓粉專「政客爽」大讚撥亂反正。媒體人
/realtimenews/20230314000015-260407,宋楚瑜拋2024震撼彈？1句話讓網炸鍋 最新網路民調太震撼,2023-03-14 00:01,84歲新黨創始人、監察院前院長王建煊日前宣布將參選2024總統大選後，親民黨主席宋楚瑜12日被問到是否會第5度挑戰選總統，結果他意有所指地說年齡不是問題，「你看看我80幾歲的人，像個老頭嗎？」而此語也
/realtimenews/20230313005021-260407,看完2024總統大選最新民調 郭正亮驚爆：他會變造王者,2023-03-13 23:13,2022九合一選舉牽動2024總統大選，藍綠白都想奪得總統寶座，而近日就有一份最新的網路民調指出，有46％的民眾會投給國民黨的「侯友宜」，有31％的民眾會投給民眾黨的「柯文哲」，最後則有21％的民眾會
/realtimenews/20230313003298-260407,賴清德昔承諾不保障現任立委 現擋議員轉戰遭黨內質疑,2023-03-13 23:11,13日領表參加2024總統大選黨內提名的民進黨主席賴清德日前主導通過「反落跑條款」，不建議議員轉戰立委，但隨即被踢爆賴清德在參選黨主席時曾保證，當選後，立委提名「不保障現任」、「一定會有初選」。8日，
/realtimenews/20230314001694-260407,游錫堃：全球民主衰退「民主同盟國」需攜手面對,2023-03-14 10:36,由公民監督國會聯盟、美國國際民主協會（NDI）及西敏寺民主基金會 （WFD）共同舉辦的「2023國會開放與監督論壇」，今(14)日早上舉行開幕式，立法院長游錫堃也到現場致詞，強調台灣位在印太地區抵抗威
/realtimenews/20230314001442-260407,水電雙漲來了？王美花講來講去網怒了轟爆「蔡EE」,2023-03-14 10:09,經濟部長王美花昨（13）日赴立法院經濟委員會討論水電議題，有立委呼籲4月先不漲電價，但王卻說「台電也要站得住不能倒」，未同意暫緩調漲；而近日南部發生旱災，水費低廉及水價結構不同的議題也再度被提出檢討，
/realtimenews/20230314001531-260407,英國公布2023評估報告 外交部：展現堅定友台立場,2023-03-14 10:07,英國政府13日正式公布「2023整合性評估更新報告」，內容首次提及台灣，並表示反對片面改變台海現狀。外交部今天表示，相關論述展現英國堅定友台立場，我國政府將持續與英國加強互利互惠的實質友好關係。外交部
/realtimenews/20230314001520-260407,林姿妙涉案今開庭 一派輕鬆說：人在做、天在看 法官會還我清白,2023-03-14 10:05,宜蘭縣長林姿妙等官員涉貪案，今、昨2日在宜蘭地方法院召開第2次準備程序庭，林姿妙上午8時參加縣務會議時，媒體問開庭會不會很辛苦，她笑說，「不會啊！我正正當當、坦坦蕩蕩」，是否對7大爭點做說明，林說「人
/realtimenews/20230314001461-260407,駁軍中沒蛋！ 邱國正「農委會很照顧」：荷包蛋變炒蛋還給豆奶,2023-03-14 10:03,因應缺蛋，有媒體報導指出，國軍將減少吃雞蛋，改喝豆奶來補充蛋白質，對此，國防部長邱國正今駁斥，不是蛋沒有了就改喝豆漿，農委會很照顧幫忙，額外給我們216萬罐豆奶補充。不過實際上農委會主委陳吉仲上周就曾
/realtimenews/20230314001430-260407,陳建仁：不會去登記民進黨內初選,2023-03-14 09:48,民進黨總統提名黨內初選登記昨天起跑，民進黨主席賴清德今天將前往登記參選。國民黨立委傅崐萁今天質詢也被外界視為潛在人選的行政院長陳建仁，會不會也去登記？陳建仁強調，他擔任行政院長就是要為2300萬人服務
/realtimenews/20230314001376-260407,二膽島上兵何時返台？邱國正回應了！ 曝「沒管教問題」,2023-03-14 09:46,金門二膽島陳姓伙房上兵失蹤後，日前經國民黨金門立委陳玉珍證實該名士兵人在廈門，目前平安，至於是否會盡速把人解救回來；國防部長邱國正表示，內部有做了解，沒有管教問題，通緝令也按照管道發了，都按照程序走，
/realtimenews/20230314001311-260407,為何漂去大陸？陳玉珍爆：上兵失聯前2天曾「做1事」,2023-03-14 09:30,陸軍金門二膽防區26歲陳姓上兵9日失蹤，國民黨立委陳玉珍證實他游往大陸被對岸海警救起。陳玉珍透露，該上兵在失蹤前2天，有長官到二膽島上，他還做甜點且還做得不錯，且228連假回家時也都很正常，因此家人也
/realtimenews/20230314001278-260407,22縣市首長好感度前3名「一片藍」 粉專點名這人最特別,2023-03-14 09:28,在一份近日所公布的縣市首長網路好感度報告中，非六都首長好感度前三名分別為彰化縣長王惠美、基隆市長謝國樑與南投縣長許淑華。對此，粉專「政客爽」表示，他認為其中最值得去談論的是謝國樑，因面對民進黨的大規模
/realtimenews/20230314001293-260407,軍公教真的會加薪？陳建仁正面回應了,2023-03-14 09:21,近來物價上漲，民怨四起，軍公教有可能加薪嗎？行政院長陳建仁今赴立院備詢會前受訪表示，這是好問題，對於軍公教加薪抱持正面看法，今年的經濟成長結果不錯，考慮稅收後，也考慮到軍公教人員。陳建仁表示，過去2、
/realtimenews/20230314001280-260407,核二廠2號機今期滿除役 陳建仁掛保證：供電無虞請大家放心,2023-03-14 09:12,核二廠2號機預計14日期滿除役，外界擔心是否會對供電造成影響，加上萬物齊漲，未來水電費恐也會雙漲，行政院長陳建仁今赴立院備詢，會前受訪表示，經濟部還有台電已經對於電力供應有很好安排，包含相關調度、以及
/realtimenews/20230314001256-260407,太巧合？二膽上兵游不到2小時就遭大陸海警救起 動機遭質疑,2023-03-14 09:09,金門烈嶼守備隊二膽陳姓上兵離營動機卻啟人疑竇。昨(13日)退輔會主委馮世寬提出陰謀論，懷疑這一連串事件都是設好的計畫性作為，但他強調，未獲正確消息前，他暫時保留。但立委陳玉珍也在政論節目上語帶玄機表示
/realtimenews/20230314000058-260407,侯友宜百毒不侵？媒體人揭表態參選前「真正難題」,2023-03-14 08:30,南投立委補選國民黨敗選後，藍營內部似乎陷入一陣焦慮，不少人認為侯友宜該提前表態參選2024。媒體人韋安13日在臉書發文強調，侯可幫藍營帶來中南部、中間選民、年輕族群三個突破，是可以幫助區域立委選情的最
/realtimenews/20230314001076-260407,黃埔校友赴陸參訪是統戰？趙少康爆1內幕,2023-03-14 08:27,有退伍軍人社團日前號召500名黃埔校友赴陸，參加黃埔軍校99周年活動，引發社會討論，退輔會主委馮世寬甚至直呼「情何以堪」。對此，中廣董事長趙少康接獲了陸軍官校專修班理事蔣成龍的說明，蔣強調，此活動是專
/realtimenews/20230314000797-260407,朱立倫認了？黨內高層曝：徵召侯友宜戰2024成定局,2023-03-14 08:22,民進黨總統初選本週起跑，且在週內就確定黨主席賴清德是否為綠營的2024總統候選人，效率之高令人咋舌。國民黨內高層人士表示，黨主席朱立倫已公開表示，2024大選將「做球給主要候選人」，並藉吳伯雄與吳敦義
/realtimenews/20230314000987-260407,邱國正「我可沒講他逃兵」吳子嘉聽完氣炸轟：給我下台,2023-03-14 08:14,日前失聯的二膽上兵穿救生衣游往大陸廈門，最後遭到大陸海警救起。針對外界質疑逃兵一事，國防部長邱國正表示，「我可沒有講他逃兵，具體原因要找到人才能確認」。《美麗島電子報》董事長吳子嘉認為，金門前線二膽島
/realtimenews/20230314000988-260407,管伙房沒啥大不了？ 退役少將驚爆：二膽上兵掌握「1機密」,2023-03-14 08:10,金門二膽守備隊的陳姓上兵失蹤多日，陸委會主委邱太三昨（13）日證實，該兵目前人在對岸廈門，詳情情況國防部與相關單位都在積極了解當中。對此，退役陸軍少將于北辰也披露，這次有國軍被大陸帶走，國防部要負全部
/realtimenews/20230314000930-260407,陳建仁證實：故宮數千國寶圖檔遭駭！被上網賤賣,2023-03-14 07:53,國立故宮博物院存放許多歷史文物與珍藏，在民眾心中有一定的權威性，但去年卻遭國民黨立委陳以信爆料摔壞國寶，震驚全台，不料如今又傳出電腦遭駭，導致數千張國寶的圖檔資料外流，且毫無解決辦法。而今行政院長陳建
/realtimenews/20230314000029-260407,拜登「這招」害矽谷銀行倒閉？郭正亮揭美金融危機真相,2023-03-14 07:42,矽谷銀行（SVB）增資失敗又遭客戶擠兌，短短48小時宣告倒閉，並由美國聯邦存款保險公司（FDIC）接管，成為2008年全球金融危機以來美國最大銀行破產案，也是美國有史來第二大銀行倒閉案。前立委郭正亮1
/newspapers/20230314000350-260118,英國售台潛艦組件與技術 去年達62億,2023-03-14 04:10,台灣推動潛艦國造計畫，先前就傳出獲多國協助，其中英國的角色受矚目。《路透》13日獨家報導說，根據英國政府出口許可資料，去年前9個月，核發給企業向台灣出口潛艦相關零組件和技術的許可證，總值達1億670
/realtimenews/20230314002419-260407,7、8月赴美太晚？ 侯友宜：新北2030願景需推動,2023-03-14 12:17,總統參選人赴美「面試」，幾乎已成台灣政壇慣例，外界預測新北市長侯友宜要到7、8月才會表態參選2024，今（14）日侯友宜主持警政工作會報前被媒體詢問，屆時再赴美是否太遲？侯友宜未正面回應，他說，謝謝大
/realtimenews/20230314002365-260407,看好盧秀燕選總統？爆AIT處長多次來看她,2023-03-14 12:14,台中市議會今天開臨時會，無黨籍市議員林昊佑提到，日前經典賽期間美國在台協會處長孫曉雅到台中市政府拜訪市長盧秀燕，是否代表美國人也支持盧市長更上一層樓選總統？盧市長選總統也是很多基層鄉親的期待。盧秀燕則
/realtimenews/20230314002301-260407,呂秀蓮親赴立院宣傳319民間國是會議 藍綠白態度正面表肯定,2023-03-14 12:00,前副總統呂秀蓮14日赴立法院親自宣傳「民間國是會議」，期盼跨黨派立委能踴躍參與，徹底檢討國策和兩岸關係，形成「台灣新共識」，朝野黨團態度正面，皆稱會做妥善安排。國民黨團總召曾銘宗稱捍衛和平主權尊嚴是最
/realtimenews/20230314002266-260407,密克羅尼西亞與台灣建交？外交部：新政府成立後再聯繫,2023-03-14 11:58,即將卸任的太平洋島國密克羅尼西亞總統帕努埃洛日前透露，密國正與台灣談建交，由於密國將更換新政府，外交部發言人劉永健今天表示，我國尊重也歡迎密國與我國拓展雙邊關係，將等新政府成立之後再來聯繫。 外媒揭
/realtimenews/20230314002247-260407,習近平人大談話 民進黨：健康有序兩岸交流是民進黨一貫立場,2023-03-14 11:58,大陸國家主席習近平在「人大」閉幕及記者會的涉台談話，民進黨新聞部主任張志豪表示，民進黨呼籲中國共產黨，應正確理解台灣人捍衛民主自由的主流民意，以更開放態度來建構兩岸良性互動。和平不該有前提，發展經濟與
/realtimenews/20230314002224-260407,朱立倫做球給主要候選人 侯友宜：讓國家進步是共同心願,2023-03-14 11:50,針對2024總統大選，國民黨主席朱立倫日前表示「所做每件事都是做球給主要候選人」，堅持一切以黨勝選為目標。外界解讀，朱立倫在做球給新北市長侯友宜。侯友宜今（14日）對此表示，朱主席在崗位上盡心盡力，他
/realtimenews/20230314002208-260407,證人翻供？ 林姿妙聲請調閱地檢署走道光碟,2023-03-14 11:49,宜蘭縣長林姿妙今天（14日）因所涉特殊洗錢罪、財產來源不明罪赴地院開庭，林姿妙出庭前說：「人在做，天在看，我都正正當當。」否認犯行，但林姿妙的律師指出，有證人在廉政官陪同下休息70分鐘，卻做出前後不同
/realtimenews/20230314001832-260407,2024侯友宜遲不表態 藍委曝：民進黨恐用「這招」對付他,2023-03-14 11:44,隨著2024總統大選的時間越來越近，外界都相當關注各黨會派誰當候選人，民進黨主席賴清德目前已經積極投身黨內初選、民眾黨主席柯文哲也安排了訪美行程，惟有國民黨還在一片混沌之中，各界看好的新北市長侯友宜，
/realtimenews/20230314002162-260407,上兵漂陸恐洩什麼機密？ 綠委：不要以訛傳訛,2023-03-14 11:43,金門二膽島陳姓伙房上兵漂到大陸，外界擔心他恐洩漏二膽島防務相關機密，對此，民進黨立委劉世芳表示，會掌握這名士兵的進度，陸委會和國防部都會用專案的方式處理，不要以訛傳訛。劉世芳指出，這位上兵在中國大陸部
/realtimenews/20230314002188-260407,台版「彈簧刀」巡飛彈無人機首度曝光 配高爆彈頭執行自殺攻擊,2023-03-14 11:41,近年由於兩亞戰爭、俄烏戰爭的發生，無人機成為新型態戰爭、不對稱戰力的重要角色，中科院今天一口氣展示「偵打一體」研究成果，公開三款自行研發的攻擊型無人機，其中最受矚目的為與美國「彈簧刀」無人機性能相同般
/realtimenews/20230314002079-260407,發現金倒數 綠委喊話行政院準備好這3件事避免塞車,2023-03-14 11:30,何時能普發現金6000元備受民眾關注，民進黨立院黨團今提出3件事，邀請行政院提早做準備，向行政院提出「預登記、免壅塞、防詐騙」，預先開放登記避免網路塞車，透過ATM提領現金需足夠，並保護個資防堵詐騙。
/realtimenews/20230314002111-260407,讚賴清德從政閱歷完整 呂秀蓮認：我的時代已經過去,2023-03-14 11:29,2024總統立委選戰即將開打，民進黨13日開放登記總統初選，身兼黨主席的副總統賴清德將於15日登記並發表談話，前副總統呂秀蓮14日大讚，賴清德從政閱歷完整，她給對方加油並祝福。至於自己是否會去領表，她
/realtimenews/20230314002064-260407,登記前搶先表態 基市議長掛看板力挺賴清德參選,2023-03-14 11:28,民進黨總統初選13日起開放登記，民進黨主席、副總統賴清德預計將在15日上午親自登記參選。民進黨籍的基隆市議會議長童子瑋14日搶先在基隆市仁四路及愛三路口，掛出賴清德的共掛看板，表達支持之意。他強調，他
/realtimenews/20230314002009-260407,黃光芹指侯兩岸外交論述空洞 侯友宜：台灣「最大市」會「做大事」,2023-03-14 11:17,媒體人黃光芹黃光芹在臉書發文指新北市長侯友宜受訪時台詞千篇一律，兩岸及外交政策的論述空洞。侯友宜今（14）日不改個人特色說，謝謝大家的聲音，他都給予尊重，他還是把自己的角色努力的做好；至於新北市就是國
/realtimenews/20230314001962-260407,獨家》神助二膽上兵？我方尚未通報 陸海警已搶先救起 過程疑點多,2023-03-14 11:13,金門部烈嶼守備隊二膽島陳姓上兵，在9日清晨突然消失，事後證實被大陸海警救起安置在廈門，未來動向引發兩岸政治敏感神經。但本報追查，立委陳玉珍表示陳員上午9時30分許就被海警救起，離奇的是，這時軍方都尚未
/realtimenews/20230314001968-260407,新市長就職將滿百日 她怒批高虹安不重視基本工,2023-03-14 11:13,新上任的新竹市長高虹安就職即將滿百日，成功挖出新竹棒球場土層有廢棄物、舉辦WBC世界棒球經典賽直播，成功凝聚新竹市民與球迷的向心力，但市議員劉彥伶也怒批高虹安不重視基本工作，公園品質嚴重下滑、環境髒亂
/realtimenews/20230314001893-260407,2024挑戰萬美玲！ 范綱祥宣布參選桃園第4選區立委,2023-03-14 11:04,前桃園市議員范綱祥14日正式宣布，參選2024桃園區（第四選區）的立法委員，具有「雙師」律師執照、環工技師證照的范綱祥，台大土木學士、台大環工碩士畢業，2009年接受民進黨徵召參選升格前的桃園區市長，
/realtimenews/20230314001805-260407,為卡管道歉？陳建仁：跟我無關不必道歉 各界自有公斷,2023-03-14 10:52,前台大校長管中閔昨就2018年發生的台大校長遴選「卡管案」發表新書，還原整個卡管案的過程。國民黨立委賴士葆今天質詢行政院長陳建仁時，問陳建仁願不願意就這段殘害學術自由的歷史，向全民道個歉？陳建仁說，「
/realtimenews/20230314001785-260407,基捷付53億逾5成基隆市民認為不合理　王國材：民調不能決定,2023-03-14 10:49,針對基隆市府在基隆捷運計畫負擔上升到53億元，受訪市民中有5成以上認為經費由地方負擔不合理；對此，交通部長王國材今赴立院備詢，會前受訪表示，全國一致捷運補助辦法，可以反映他們的心聲，但沒辦法用民調來決
/realtimenews/20230314001600-260407,全民喊缺蛋前綠委也抓狂！問蔡政府：為何那麼久都還沒解決？,2023-03-14 10:47,台灣現正面臨嚴重的「蛋蛋危機」，使得民怨四起。對此，民進黨前立委謝欣霓也質疑，為何面對蛋的議題，政府可以那麼久都無法解決，她並喊話「民生議題，就是政府首當其衝該解決的問題」。針對缺蛋問題，行政院長陳建
/realtimenews/20230314002584-260407,朱立倫推「非綠聯盟」下架民進黨 張亞中籲：應是理念合作,2023-03-14 13:54,迎戰2024，國民黨主席朱立倫多次強調要籌組「非綠大聯盟」，爭取國民黨提名參選總統的孫文學校總校長張亞中，今召開記者會直言，非綠聯盟或藍白合不應只是「誰配誰」，而應是理念政策的合作，目標應該不只是為下
/realtimenews/20230314002802-260407,騰雲無人機2月測試「衝出跑道」受損 中科院曝意外主因,2023-03-14 13:45,中科院研製的騰雲無人機上月22日發生測試意外，於空軍花蓮基地起飛時衝出跑道受損。中科院航研所長齊立平今表示，事故發生當下「整合導航模組」出現失效代碼，追查後發現是工程師在程式編建時輸錯參數，目前失效狀
/realtimenews/20230314002789-260407,獨家》二膽上兵獲救內幕曝光！游到體力不支急call陸海警求援,2023-03-14 13:31,金門部烈嶼守備隊二膽島陳姓上兵，在9日清晨突然消失，事後證實被大陸海警救起安置在廈門，由於獲救時間點是在我方海巡尚未通報對岸時，且大陸在接獲我方協請搜救後，第一時機也未告知我方人已救起，引發到底是單純
/realtimenews/20230314002427-260407,高端僅十國承認 陳建仁：它是個好疫苗,2023-03-14 13:31,國民黨立委賴士葆今天在立院總質詢時批評行政院長陳建仁是「高端發言人」，高端只有10國承認，根本賣不出去；陳建仁則強調，高端是科學上很有效的疫苗，跟BNT、莫德納一樣效果，可以預防重症跟死亡，「它是個好
/realtimenews/20230314002685-260407,高雄綠委他開第1槍表態 不挺「自家議員」參選立委,2023-03-14 13:26,民進黨黨主席賴清德祭出「誠信條款」，不建議現任議員落跑參選立委，引發黨內紛爭。對此，尋求連任的民進黨湧言會立委趙天麟今（14）日也呼應賴清德，開第1槍表態全力支持賴主席親自揭櫫的理念，也不支持高雄自家
/realtimenews/20230314002736-260407,長這樣！台版「彈簧刀」巡飛彈首度亮相 威力曝光,2023-03-14 13:24,由美國援助烏克蘭的「彈簧刀」（Switchblade）自殺式無人機，在烏俄戰爭中表現傑出，多次精準打擊俄軍據點立下戰功，引起世界關注。而為加強不對稱戰力，國家中山科學研究院亦研製台版彈簧刀「巡飛彈無人
/realtimenews/20230314002085-260407,史書華拿「罹癌」攻擊鍾沛君網轟爆！ 名醫起底黑歷史,2023-03-14 13:22,國民黨台北市議員鍾沛君昨（13）日在臉書發文指出，先前帳號一度被臉書下架的親綠牙醫史書華，帳號恢復後在一場與她的筆戰中，竟拿她曾患病的往事做文章。而此事引爆了網友的怒火，痛批史「醫德可能有問題」。日前
/realtimenews/20230314002614-260407,大安區立委最新民調跌破眼鏡！「這人」支持度輾壓對手,2023-03-14 13:15,台北市第六選區立委席次，隨著國民黨籍林奕華改任台北市副市長而空出來。台北市議員鍾沛君、前北市議員羅智強紛紛宣布參選，另前國安會副秘書長楊永明日前也表態想要參戰；且該地儘管是藍營的傳統優勢選區，但民進黨
/realtimenews/20230314002409-260407,英美將助澳洲取得核動力潛艦 外交部回應：有助維持區域穩定,2023-03-14 13:12,澳大利亞、英國及美國三國領袖，於美西時間13日在美國聖地牙哥共同宣布「澳英美三方安全夥伴」（AUKUS）推動方案，三方同意將逐步協助澳洲取得核動力潛艦的路徑圖。外交部今天表示，樂見並歡迎AUKUS夥伴
/realtimenews/20230314002516-260407,上兵有機會回來？ 蔡正元籲台灣承諾：絕對不做任何處罰,2023-03-14 13:03,國軍近日爭議事件頻傳，其中金門二膽島陳姓上兵9日離營失聯，國民黨立委陳玉珍證實他游往大陸被對岸海警救起，引起各界高度關注。對此，前立委蔡正元認為，台灣方面得做出幾個動作，包括與大陸直接、間接表達，希望
/realtimenews/20230314002542-260407,英國派官員來台學華語 外交部：增進對我國了解,2023-03-14 13:02,英國近年與台灣往來密切，英國國會下議院國防委員會擬組團來台訪問，英國首相蘇納克日前也裁定，派遣20名公務員來台學習華語。外交部今天表示，外交部對國際友人來台訪問誠摯歡迎。至於學習計畫的目的和宗旨，都能
/realtimenews/20230314002390-260407,基隆捷運分攤款爆增 王鴻薇：民進黨對北北基秋後算帳,2023-03-14 13:01,基隆捷運的基隆市府分攤款爆增三倍，民調顯示逾五成基隆市民認為不合理，國民黨立委王鴻薇、桃園市議員詹江村以及文傳會副主委林家興今召開記者會力挺基隆市民，直言過去林右昌認為基隆捷運不能造成預算排擠，現在不
/realtimenews/20230314002617-260407,接見建築界代表 蔡英文：傾全力整合投入淨零轉型,2023-03-14 12:59,蔡英文總統今天接見「第24屆國家建築金質獎及第19屆國家品牌玉山獎得獎代表」時表示，「淨零轉型」是具有高度挑戰性的工作，政府會傾全力整合各界量能投入，並盼所有得獎廠商繼續支持政策，在未來的工作項目中融
/realtimenews/20230314002624-260407,驚！ 柯志恩「信用卡被盜」 臉書自爆：差點還幫人數錢,2023-03-14 12:57,台灣詐騙案層出不窮，就連形象清新、被認為「精光」代表的國民黨智庫執行長柯志恩也差點被詐騙！她今（14）日在臉書自爆，曾接獲自稱警方的電話聲稱她信用卡被盜，若非她警覺打電話給分局確認，恐怕早已上了社會新
/realtimenews/20230314002589-260407,朱立倫採伯公模式推最強候選人？ 羅智強讚成全是好事,2023-03-14 12:50,民進黨總統初選起跑，13至17日領表登記，副總統賴清德預計15日登記。據媒體報導，國民黨主席朱立倫將循「伯公模式」，力推新北市長侯友宜。前台北市議員羅智強表示，朱立倫願意使用伯公模式成全別人是好事。羅
/realtimenews/20230314002572-260407,「暖揆」陳建仁罕見動怒！和高金對嗆喊：不要講疑美論,2023-03-14 12:47,美國總統拜登在去年底簽署2023財政年度《國防授權法案》，除了對台灣的軍事援助和貸款外，一項提供美國官員到台灣學習、工作的「台灣學人計畫」，不過，無黨籍立委高金素梅今質詢提到，美國把台灣老百姓整得雞犬
/realtimenews/20230314002400-260407,兩岸情勢緊張 呂秀蓮喊話蔡政府：和平機會要隨時創造,2023-03-14 12:41,陸委會日前開放兩岸直航，但團客和自由行尚未解禁，外界認為政府應向對岸釋出更多善意，前副總統呂秀蓮指出，去年兩岸情勢緊張，但過完年後氣氛不太一樣，她認為和平機會要隨時創造，台灣有權有責的人應認真思考；她
/realtimenews/20230314002362-260407,高虹安唱五月天歌曲促反詐恐侵權？警方︰已暫停播放,2023-03-14 12:37,新竹市長高虹安為宣導反詐，近期錄製音檔獻唱五月天《突然好想你》其中2句歌詞，並隨垃圾車於定點播放，民進黨市議員劉康彥指出此舉恐怕涉及版權問題，質疑是否有申請公播、取得授權？對此，新竹市警局表示，播放是
/realtimenews/20230314002324-260407,費鴻泰出局了？最新2.1萬民調超震撼 網挺他轉戰「這區」,2023-03-14 12:28,國民黨台北市議員徐巧芯日前表態，將投入台北市信義、南松山立委，挑戰該選區同黨籍資深立委費鴻泰，而費鴻泰也表示願直球對決，兩人點起國民黨世代議題的火花。《中天電視》Youtube頻道13日發起網路投票，
/realtimenews/20230314002307-260407,前瞻砸千億農業旱災未解 民眾黨團籲：公平調配水資源,2023-03-14 12:22,台灣缺水危機日益嚴峻，南台灣降雨量創30年來新低，台南轉為減量供水，高雄也變為減壓供水。台灣民眾黨立法院黨團14日召開記者會直言，前瞻水環境建設前三期已經花了1357億元，面對旱災還是束手無策，若缺水
/realtimenews/20230314003687-260407,蔡政府恐放水電雙漲！最新民調曝光 過半民眾為「這事」氣炸,2023-03-14 16:04,經濟部長王美花昨（13）日出席立院經濟委員會，對於立委呼籲4月先不漲電價，王美花強調，台電要站得住不能倒，沒有同意暫緩調漲；另南部近期又有旱災出現，水費低廉的問題再度受到關注，經濟部表示會在2個月內提
/realtimenews/20230314003552-260407,基捷負擔暴增至53.8億！市府做民調惹議 藍綠互槓,2023-03-14 15:58,基隆市政府13日公布民調，有超過五成的市民認為基隆市要負擔53.8億元的基捷經費並不合理。交通部長王國材表示，民調可以反映民眾心聲，但不能用民調決定經費。基隆市藍綠議員對於這項民調結果，各持己見重炮抨
/realtimenews/20230314003463-260407,忠烈祠事件挨批操弄仇日情節 張善政團隊反擊了,2023-03-14 15:41,「桃園忠烈祠暨神社文化園區」從日本迎來天照大神等供奉，引發專家學者批評棄祖背宗，桃園市長張善政請廠商送回日本神祇，民進黨新聞部主任張志豪痛批政客不應操弄仇日、惡意破壞古蹟。市府反擊，強調臘冬燈籠祭落幕
/realtimenews/20230314003581-260407,民進黨報復性施政？他曝1事憂：難保下次不會是桃園,2023-03-14 15:39,基隆捷運的基隆市府分攤款爆增三倍，民調顯示逾五成基隆市民認為不合理，國民黨桃園市議員詹江村等人今(14)日召開記者會力挺基隆市民，並認為林右昌不能換了位子就換腦袋，痛批民進黨對北北基秋後算帳。詹江村也
/realtimenews/20230314003356-260407,網友點名PK高虹安唱歌 陳其邁苦笑「我有自知之明啦」,2023-03-14 15:36,新竹市長高虹安近日獻唱五月天金曲《突然好想你》宣導反詐騙，隨著垃圾車放送，相當洗腦，但也引發評價兩極爭議。不過，有網友跪求高雄市長陳其邁演唱的《紅豆》也隨垃圾車播放，今（14）日陳其邁笑說，「我有自知
/realtimenews/20230314003275-260407,鍾東錦撤回對國民黨起訴！背後推手是「伯公」,2023-03-14 15:36,苗栗縣長鍾東錦去年九合一選舉競選期間，遭國民黨解除苗栗縣黨部主委職務並開除黨籍，鍾東錦透過律師向法院提出「確認黨籍存在之訴」，經前國民黨榮譽主席吳伯雄「伯公」居中協調，力勸鍾東錦應以「團結藍軍」為最大
/realtimenews/20230314003390-260407,史書華「問候」她罹癌往事 鍾沛君再發聲：我不會倒下,2023-03-14 15:35,國民黨台北市議員鍾沛君日前遭親綠牙醫史書華拿曾罹癌的往事做文章，引爆網友的怒火。對此，她今天在臉書發文表示，面對惡意，要勇敢選擇面對的態度，該篇貼文也湧入許多網友打氣，曾罹癌的國民黨副主席連勝文也鼓勵
/realtimenews/20230314003259-260407,三重立委選情再添變數！彭佳芸喊將決定是否「參加民進黨初選」,2023-03-14 15:31,民進黨20日起立委選舉提名登記，由於外傳新北市三重區立委余天本屆將不爭取連任，因此前新北市議員李坤城2022九合一選舉時就放棄尋求連任市議員，轉而備戰立委選舉，不過新北市議員彭佳芸今(14)日在社群平
/realtimenews/20230314003324-260407,北市府涉貪連環爆！蔣萬安市政會議罕見「態度硬了」,2023-03-14 15:26,台北市政府日前接連爆出工務局衛工處、殯葬管理處有同仁涉收賄。台北市長蔣萬安14日主持市政會議，由政風處長林炤宏發起臨時動議，報告近期市府涉貪爭議，並強調犯罪的時間大部分是發生在之前市府的時代，而蔣萬安
/realtimenews/20230314003502-260407,震撼畫面曝光！空軍防空35快砲實彈射擊 夜空佈滿彈幕,2023-03-14 15:24,號稱空軍基地最後一道防線的空軍防空35快砲日前舉行實彈射擊。空軍防空暨飛彈第303營，在年度基地訓練中執行「35快砲對空實彈射擊」日、夜間射擊課目，考驗官兵自接收命令至測考階段，是否能有效運用各式設備
/realtimenews/20230314003013-260407,高雄市內月票399納入台鐵 盧秀燕：不讓台中市民吃虧將北上爭取,2023-03-14 15:00,台中市交通月票分為市內、城際及市民、非市民共4種組合，其中市內通勤市民每月僅299元全國最便宜，14日臨時會民進黨議員黃守達質疑，台中市市內通勤未納入台鐵，高雄票價399但納入台鐵，質疑台中是假便宜；
/realtimenews/20230314003102-260407,最新財產申報 ：唐鳳存款43萬「比去年多8萬」備註1事,2023-03-14 14:57,監察院今天公布最新一期廉政專刊，農委會主委陳吉仲與配偶共同申報183萬元存款，債務則有52萬元。陸委會主委邱太三與配偶共同申報1668萬元存款、有價證券3210萬元，保險達3401萬元。數位發展部長唐
/realtimenews/20230314002875-260407,國民黨批基捷分攤費暴漲 民進黨回擊嗆謝國樑「沒肩膀」,2023-03-14 14:56,國民黨再次惡意批評基捷建設，民進黨新聞部主任張志豪表示，選前大打捷運政見的謝國樑，選後傲慢擺爛，一味推諉卸責，將基捷建設責任全推給中央，不僅不願籌措剩餘的部分預算，還怪東怪西，絲毫沒有肩膀及擔當。張志
/realtimenews/20230314003105-260407,台灣缺的不是蛋？物價指數爆衝 游淑慧吐「3字」真相,2023-03-14 14:45,主計總處13日預估，今年CPI（消費者物價指數）恐怕將維持在2％上下，國內通膨壓力居高不下。對此，台北市議員游淑慧今（14）日在臉書指出，不但CPI已經連續兩年突破通膨警戒線2%，2月的重要民生物資C
/realtimenews/20230314002958-260407,謝衣鳳證實：接國民黨彰化黨部主委,2023-03-14 14:38,國民黨彰化縣黨部主委人選底定，藍營彰化唯一一席立委謝衣鳳證實將接下主委一職，今她接受電話訪問表示，已經答應主席要接下主委，明天會到中央黨部與秘書長討論交接事情，上任後將先解決立委4選區人選，全力守住2
/realtimenews/20230314002660-260407,藍白合有許多討論空間 羅智強曝民眾黨「配票關鍵」,2023-03-14 14:35,民進黨總統初選起跑，13至17日領表登記，副總統賴清德預計15日登記。據媒體報導，國民黨主席朱立倫將循「伯公模式」，力推新北市長侯友宜，至於徵招侯友宜後，是否會和民眾黨合作？前台北市議員羅智強表示，不
/realtimenews/20230314002985-260407,呂秀蓮邀朝野各黨參加民間國是會議 國民黨：大方向贊成,2023-03-14 14:34,前副總統呂秀蓮今至立法院拜訪朝野各黨團，欲邀請邀朝野立委參加全球和平聯盟台灣總會所舉辦的「民間國是會議」，共同凝聚「台灣新共識」。呂秀蓮希望各黨團能藉此坐下來，討論兩岸、國安等議題。國民黨立法院黨團總
/realtimenews/20230314003079-260407,陳建仁稱卡管案「與我無關不必道歉」 媒體人酸：甩鍋蔡英文,2023-03-14 14:25,前台大校長管中閔發表新書，並還原整個卡管案的過程，引發關注。行政院長陳建仁今(14)日被問及，願就這段殘害學術自由的歷史，向全民道歉？陳建仁則強調不必要說任何道歉，「跟我沒任何關係，卡管案各界自有公斷
/realtimenews/20230314002747-260407,軍中到底有無缺蛋？現役官兵爆驚人真相,2023-03-14 14:17,外傳為因應國內缺蛋問題，國軍將減少吃雞蛋，改喝豆奶來補充蛋白質，但遭國防部長邱國正駁斥，表示軍中有蛋吃，且農委會很照顧幫忙，額外給了軍方216萬罐豆奶補充。對此，《中時新聞網》採訪數位現役官兵，他表示
/realtimenews/20230314002811-260407,桃園忠烈祠撤除天照大神 綠營：不該用古蹟操作意識形態,2023-03-14 14:11,近日有民眾質疑，桃園市忠烈祠暨神社文化園區去年迎日本神祇「天照大神」供奉違背忠烈祠精神，桃園市府擬撤除社內所有日本神社文化的週邊設施，相關活動後把天照大神請回日本；民進黨新聞部主任張志豪表示，文化古蹟
